{"mean":{"confidence_interval":{"confidence_level":0.95,"lower_bound":-0.0032528091158332073,"upper_bound":0.05027168634778181},"point_estimate":0.02143363754247063,"standard_error":0.01328022430934637},"median":{"confidence_interval":{"confidence_level":0.95,"lower_bound":-0.019782405214132326,"upper_bound":0.0045107571124118895},"point_estimate":-0.010039432023129402,"standard_error":0.006073098907776297}}