{"mean":{"confidence_interval":{"confidence_level":0.95,"lower_bound":-0.0071285808353362705,"upper_bound":0.014506612660822376},"point_estimate":0.0033730706830188417,"standard_error":0.005497160879435699},"median":{"confidence_interval":{"confidence_level":0.95,"lower_bound":-0.006856031461766721,"upper_bound":0.011381342776111802},"point_estimate":0.0021831313603033475,"standard_error":0.004498613618042956}}