{"mean":{"confidence_interval":{"confidence_level":0.95,"lower_bound":-0.027341155287362372,"upper_bound":-0.0014866787264263446},"point_estimate":-0.014104067335738213,"standard_error":0.00656562724247073},"median":{"confidence_interval":{"confidence_level":0.95,"lower_bound":-0.01852511149204039,"upper_bound":-0.0013774491850526518},"point_estimate":-0.009888541785256999,"standard_error":0.0044661741444881565}}