{"mean":{"confidence_interval":{"confidence_level":0.95,"lower_bound":-0.011740884810098374,"upper_bound":0.03296070566514036},"point_estimate":0.009954750771715926,"standard_error":0.011140084868208595},"median":{"confidence_interval":{"confidence_level":0.95,"lower_bound":-0.004166324841463731,"upper_bound":0.022263206263637425},"point_estimate":0.006772284967106135,"standard_error":0.006717312802946782}}