{"mean":{"confidence_interval":{"confidence_level":0.95,"lower_bound":50976.59599964169,"upper_bound":53747.65253336936},"point_estimate":52263.67912183273,"standard_error":710.9829878526261},"median":{"confidence_interval":{"confidence_level":0.95,"lower_bound":49232.78928571429,"upper_bound":50169.552777777775},"point_estimate":49434.492375366564,"standard_error":245.76009109254682},"median_abs_dev":{"confidence_interval":{"confidence_level":0.95,"lower_bound":1302.4687824726936,"upper_bound":2479.850436155675},"point_estimate":1667.0744186503919,"standard_error":296.1496962946234},"slope":{"confidence_interval":{"confidence_level":0.95,"lower_bound":49575.17597843458,"upper_bound":50966.67344004735},"point_estimate":50209.83910004433,"standard_error":356.8664824697548},"std_dev":{"confidence_interval":{"confidence_level":0.95,"lower_bound":4723.172036428185,"upper_bound":9132.39017313611},"point_estimate":7124.615074169444,"standard_error":1125.5465118338122}}