{"mean":{"confidence_interval":{"confidence_level":0.95,"lower_bound":1400.8090573818433,"upper_bound":1441.8963111544692},"point_estimate":1418.699437173516,"standard_error":10.567399730494042},"median":{"confidence_interval":{"confidence_level":0.95,"lower_bound":1384.0664911220467,"upper_bound":1409.3943391552086},"point_estimate":1393.6756243937616,"standard_error":6.299457444936535},"median_abs_dev":{"confidence_interval":{"confidence_level":0.95,"lower_bound":33.88381503433617,"upper_bound":58.61369792296216},"point_estimate":45.99984554231386,"standard_error":6.158490835424052},"slope":{"confidence_interval":{"confidence_level":0.95,"lower_bound":1406.4073707283478,"upper_bound":1493.6403553177909},"point_estimate":1444.5285726819907,"standard_error":22.604209949494965},"std_dev":{"confidence_interval":{"confidence_level":0.95,"lower_bound":45.69495854066927,"upper_bound":157.72678526399807},"point_estimate":106.13529745903546,"standard_error":30.083562369845378}}