{"mean":{"confidence_interval":{"confidence_level":0.95,"lower_bound":-0.054370636195687855,"upper_bound":-0.012442571545780946},"point_estimate":-0.03308289974873879,"standard_error":0.010667979519032682},"median":{"confidence_interval":{"confidence_level":0.95,"lower_bound":-0.02974600021666496,"upper_bound":-0.006175019173635277},"point_estimate":-0.016465117442464705,"standard_error":0.005861785865306887}}