{"mean":{"confidence_interval":{"confidence_level":0.95,"lower_bound":-0.035110167473338394,"upper_bound":-0.015737500332170976},"point_estimate":-0.02535128928983088,"standard_error":0.00493234384636937},"median":{"confidence_interval":{"confidence_level":0.95,"lower_bound":-0.03250270722633142,"upper_bound":-0.01806417626754897},"point_estimate":-0.022481476497522412,"standard_error":0.003600972801634832}}