{"mean":{"confidence_interval":{"confidence_level":0.95,"lower_bound":0.01237683944061474,"upper_bound":0.040813846073788594},"point_estimate":0.026196836028843817,"standard_error":0.00733907460920336},"median":{"confidence_interval":{"confidence_level":0.95,"lower_bound":0.012411217866294268,"upper_bound":0.032947215358889226},"point_estimate":0.022727654083696924,"standard_error":0.0053234202044947585}}