{"mean":{"confidence_interval":{"confidence_level":0.95,"lower_bound":-0.004260096694219077,"upper_bound":0.028924687719399596},"point_estimate":0.012418882613867366,"standard_error":0.008507647415686118},"median":{"confidence_interval":{"confidence_level":0.95,"lower_bound":0.0005014438922459341,"upper_bound":0.01317257251914139},"point_estimate":0.00804608819360575,"standard_error":0.0031065864484972976}}