{"mean":{"confidence_interval":{"confidence_level":0.95,"lower_bound":-0.02074261038228435,"upper_bound":-0.0007030142103561697},"point_estimate":-0.010950799942325173,"standard_error":0.005136749412799755},"median":{"confidence_interval":{"confidence_level":0.95,"lower_bound":-0.01995656429421,"upper_bound":0.005907544129202247},"point_estimate":-0.006586231777198415,"standard_error":0.006616302572635029}}