{"mean":{"confidence_interval":{"confidence_level":0.95,"lower_bound":12767.56627423605,"upper_bound":12931.707532952962},"point_estimate":12844.212608643233,"standard_error":42.120320283591575},"median":{"confidence_interval":{"confidence_level":0.95,"lower_bound":12660.074517374518,"upper_bound":12780.519437245464},"point_estimate":12694.689566772655,"standard_error":31.062387192259024},"median_abs_dev":{"confidence_interval":{"confidence_level":0.95,"lower_bound":146.34071385156562,"upper_bound":299.07954581358814},"point_estimate":207.987060489372,"standard_error":41.88233757840421},"slope":{"confidence_interval":{"confidence_level":0.95,"lower_bound":12839.445376114567,"upper_bound":13139.130891306968},"point_estimate":12977.452858506504,"standard_error":76.97931665862288},"std_dev":{"confidence_interval":{"confidence_level":0.95,"lower_bound":284.3066390944751,"upper_bound":542.4720363383273},"point_estimate":420.64699495512053,"standard_error":66.31202443950966}}