{"mean":{"confidence_interval":{"confidence_level":0.95,"lower_bound":11858982.761849998,"upper_bound":12027353.128449999},"point_estimate":11941479.058,"standard_error":42996.15116778372},"median":{"confidence_interval":{"confidence_level":0.95,"lower_bound":11784486.0,"upper_bound":12051553.949999956},"point_estimate":11926382.9,"standard_error":68504.49499912377},"median_abs_dev":{"confidence_interval":{"confidence_level":0.95,"lower_bound":343234.19948637596,"upper_bound":537735.3187792898},"point_estimate":434605.50152420916,"standard_error":49051.18747345363},"slope":null,"std_dev":{"confidence_interval":{"confidence_level":0.95,"lower_bound":354112.94448528107,"upper_bound":525361.1043872552},"point_estimate":434551.58963158895,"standard_error":44718.14773185732}}