{"mean":{"confidence_interval":{"confidence_level":0.95,"lower_bound":-0.030647804378838933,"upper_bound":0.019534543833322746},"point_estimate":-0.005938091246508903,"standard_error":0.012782729118297743},"median":{"confidence_interval":{"confidence_level":0.95,"lower_bound":0.017254744336199248,"upper_bound":0.04189880002553152},"point_estimate":0.028977371160000542,"standard_error":0.006093879309394364}}