{"mean":{"confidence_interval":{"confidence_level":0.95,"lower_bound":-0.08624754496505786,"upper_bound":-0.0605024519546174},"point_estimate":-0.07283581180636123,"standard_error":0.006568970436432107},"median":{"confidence_interval":{"confidence_level":0.95,"lower_bound":-0.082658181485055,"upper_bound":-0.054102847405409604},"point_estimate":-0.06736792326680252,"standard_error":0.007082989682722321}}