{"mean":{"confidence_interval":{"confidence_level":0.95,"lower_bound":-0.16632742794366767,"upper_bound":-0.06690512746749283},"point_estimate":-0.11719434534075857,"standard_error":0.025412186755019307},"median":{"confidence_interval":{"confidence_level":0.95,"lower_bound":-0.002229118692867571,"upper_bound":0.027454545516298223},"point_estimate":0.017347340430454716,"standard_error":0.007708263719662219}}