{"mean":{"confidence_interval":{"confidence_level":0.95,"lower_bound":0.03457954970814374,"upper_bound":0.10006100535289562},"point_estimate":0.06483205634678346,"standard_error":0.016227327155852202},"median":{"confidence_interval":{"confidence_level":0.95,"lower_bound":0.014152528949421761,"upper_bound":0.036039896322595855},"point_estimate":0.01925806672662067,"standard_error":0.005579798946630565}}