{"mean":{"confidence_interval":{"confidence_level":0.95,"lower_bound":-0.011044387133572258,"upper_bound":0.043341077078132735},"point_estimate":0.01606544538023913,"standard_error":0.013850735182712952},"median":{"confidence_interval":{"confidence_level":0.95,"lower_bound":-0.007346392424475656,"upper_bound":0.03613777577181887},"point_estimate":0.015468886668086324,"standard_error":0.010536394204930787}}