{"mean":{"confidence_interval":{"confidence_level":0.95,"lower_bound":-0.0020565659725388565,"upper_bound":0.025238987379857518},"point_estimate":0.011410643864495418,"standard_error":0.006978071731042274},"median":{"confidence_interval":{"confidence_level":0.95,"lower_bound":0.013525533474046503,"upper_bound":0.035150194962956016},"point_estimate":0.025942674791195497,"standard_error":0.0056225590807957365}}