{"mean":{"confidence_interval":{"confidence_level":0.95,"lower_bound":-0.05593514825464796,"upper_bound":-0.024977968589599664},"point_estimate":-0.03971361137093388,"standard_error":0.007885956690235438},"median":{"confidence_interval":{"confidence_level":0.95,"lower_bound":-0.06382603679819987,"upper_bound":-0.02697707629842705},"point_estimate":-0.042002373490996336,"standard_error":0.00993531022877582}}