{"mean":{"confidence_interval":{"confidence_level":0.95,"lower_bound":-0.013601952010029233,"upper_bound":0.0007960853375027507},"point_estimate":-0.006105561775737622,"standard_error":0.0036923807130800276},"median":{"confidence_interval":{"confidence_level":0.95,"lower_bound":-0.011970522017367813,"upper_bound":-0.00007659353228472998},"point_estimate":-0.007415788405988222,"standard_error":0.0031644852490521043}}