{"mean":{"confidence_interval":{"confidence_level":0.95,"lower_bound":-0.05378535793980391,"upper_bound":-0.017181577952778963},"point_estimate":-0.03518458270368818,"standard_error":0.00930287342772307},"median":{"confidence_interval":{"confidence_level":0.95,"lower_bound":-0.05056841731812478,"upper_bound":-0.019241253281842306},"point_estimate":-0.035698373267370465,"standard_error":0.007732400433500201}}