{"mean":{"confidence_interval":{"confidence_level":0.95,"lower_bound":50041.85800459113,"upper_bound":50924.89422231383},"point_estimate":50462.29944079729,"standard_error":226.7316004481076},"median":{"confidence_interval":{"confidence_level":0.95,"lower_bound":49521.174025974025,"upper_bound":50209.219736842104},"point_estimate":49921.35386904762,"standard_error":187.56941577874127},"median_abs_dev":{"confidence_interval":{"confidence_level":0.95,"lower_bound":1189.525012852758,"upper_bound":2020.0461779046634},"point_estimate":1656.3433053440267,"standard_error":205.27276916550056},"slope":{"confidence_interval":{"confidence_level":0.95,"lower_bound":49465.18448211323,"upper_bound":50292.09692684172},"point_estimate":49865.49107595685,"standard_error":212.03988972729724},"std_dev":{"confidence_interval":{"confidence_level":0.95,"lower_bound":1666.6141422304506,"upper_bound":2856.6752111249807},"point_estimate":2290.5750058417043,"standard_error":305.75918333623514}}