{"mean":{"confidence_interval":{"confidence_level":0.95,"lower_bound":0.1651253334128407,"upper_bound":0.24260245744501993},"point_estimate":0.20376532418871163,"standard_error":0.019789895644766353},"median":{"confidence_interval":{"confidence_level":0.95,"lower_bound":0.19263498726789216,"upper_bound":0.310148132196046},"point_estimate":0.2600979232634575,"standard_error":0.027883835341598533}}