{"mean":{"confidence_interval":{"confidence_level":0.95,"lower_bound":-0.015409772332097154,"upper_bound":0.009234934960930393},"point_estimate":-0.004088033332081076,"standard_error":0.006245971174981169},"median":{"confidence_interval":{"confidence_level":0.95,"lower_bound":-0.013329040342616616,"upper_bound":-0.0036974931453761517},"point_estimate":-0.00856101452531699,"standard_error":0.002510492962074739}}