{"mean":{"confidence_interval":{"confidence_level":0.95,"lower_bound":0.0017009661903800621,"upper_bound":0.028545423066474267},"point_estimate":0.012776824708251144,"standard_error":0.006888553590567461},"median":{"confidence_interval":{"confidence_level":0.95,"lower_bound":-0.004001123912741611,"upper_bound":0.021627958936358382},"point_estimate":0.00740347213663628,"standard_error":0.00666642488097121}}