{"mean":{"confidence_interval":{"confidence_level":0.95,"lower_bound":12509637.309124999,"upper_bound":12796703.4370625},"point_estimate":12630153.1525,"standard_error":74487.38006351142},"median":{"confidence_interval":{"confidence_level":0.95,"lower_bound":12395332.25,"upper_bound":12606717.0},"point_estimate":12493238.0,"standard_error":54069.10622559038},"median_abs_dev":{"confidence_interval":{"confidence_level":0.95,"lower_bound":286495.7656636834,"upper_bound":496392.8646935149},"point_estimate":386894.2853562534,"standard_error":53605.771503027994},"slope":null,"std_dev":{"confidence_interval":{"confidence_level":0.95,"lower_bound":339319.05328938353,"upper_bound":1175396.5587846949},"point_estimate":746614.6216260595,"standard_error":275404.0567502614}}