{"mean":{"confidence_interval":{"confidence_level":0.95,"lower_bound":-0.015247950350807695,"upper_bound":0.011876317110050511},"point_estimate":-0.0009268059312504962,"standard_error":0.006907027128419077},"median":{"confidence_interval":{"confidence_level":0.95,"lower_bound":-0.014103752562046101,"upper_bound":0.018618517282250835},"point_estimate":-0.0041337225993530735,"standard_error":0.00837888606643891}}