{"mean":{"confidence_interval":{"confidence_level":0.95,"lower_bound":-0.028454120908246054,"upper_bound":-0.010238723044490356},"point_estimate":-0.01918644060826835,"standard_error":0.0046535025613133295},"median":{"confidence_interval":{"confidence_level":0.95,"lower_bound":-0.018758484538586973,"upper_bound":-0.0066365974029127806},"point_estimate":-0.011894386615322161,"standard_error":0.002832748867656333}}