{"mean":{"confidence_interval":{"confidence_level":0.95,"lower_bound":12456849.4606875,"upper_bound":12708997.450375},"point_estimate":12577304.5725,"standard_error":64366.06620347496},"median":{"confidence_interval":{"confidence_level":0.95,"lower_bound":12274196.5,"upper_bound":12429212.75},"point_estimate":12340851.125,"standard_error":43595.954699763526},"median_abs_dev":{"confidence_interval":{"confidence_level":0.95,"lower_bound":249467.64599606395,"upper_bound":480410.0199960172},"point_estimate":356575.6718695164,"standard_error":56550.84657989667},"slope":null,"std_dev":{"confidence_interval":{"confidence_level":0.95,"lower_bound":486796.03337518947,"upper_bound":784599.4277107003},"point_estimate":644743.4248375809,"standard_error":76016.80956661463}}