{"mean":{"confidence_interval":{"confidence_level":0.95,"lower_bound":-0.05907334902895679,"upper_bound":-0.003065953963117372},"point_estimate":-0.031509464571537804,"standard_error":0.0142298622175852},"median":{"confidence_interval":{"confidence_level":0.95,"lower_bound":-0.03186044920569844,"upper_bound":0.003009661569919553},"point_estimate":-0.012595572111288922,"standard_error":0.00870538021191935}}