{"mean":{"confidence_interval":{"confidence_level":0.95,"lower_bound":-0.10628784767945583,"upper_bound":-0.037672994629102376},"point_estimate":-0.07091132927966914,"standard_error":0.017553342279525153},"median":{"confidence_interval":{"confidence_level":0.95,"lower_bound":-0.05379981370808096,"upper_bound":-0.01765583420806527},"point_estimate":-0.033183278279474426,"standard_error":0.009322955763414421}}