{"mean":{"confidence_interval":{"confidence_level":0.95,"lower_bound":-0.011673376598248094,"upper_bound":0.0012131573890442596},"point_estimate":-0.004946502614611603,"standard_error":0.0032990697712490247},"median":{"confidence_interval":{"confidence_level":0.95,"lower_bound":-0.009162547809100419,"upper_bound":0.003424739097089846},"point_estimate":-0.0020560197164988248,"standard_error":0.0032496828020182754}}