{"mean":{"confidence_interval":{"confidence_level":0.95,"lower_bound":-0.04623393657588916,"upper_bound":-0.0023055271497482285},"point_estimate":-0.02351948488088418,"standard_error":0.011229108076253012},"median":{"confidence_interval":{"confidence_level":0.95,"lower_bound":-0.01265326843023551,"upper_bound":0.0025344058341640885},"point_estimate":-0.003833188691286016,"standard_error":0.003950518131265292}}