{"mean":{"confidence_interval":{"confidence_level":0.95,"lower_bound":-0.09070937855120864,"upper_bound":0.0506007540100016},"point_estimate":-0.0243991851354598,"standard_error":0.0359272731519307},"median":{"confidence_interval":{"confidence_level":0.95,"lower_bound":-0.12835536830614103,"upper_bound":0.08043162262139436},"point_estimate":-0.04372103939619609,"standard_error":0.053876350987840604}}